{
  "accuracy": 0.7091666666666666,
  "precision_macro": 0.6975844328366394,
  "recall_macro": 0.6828087904937364,
  "f1_macro": 0.6823670498832958,
  "classification_report": {
    "Category: Adventure": {
      "precision": 0.5390070921985816,
      "recall": 0.36363636363636365,
      "f1-score": 0.4342857142857143,
      "support": 209.0
    },
    "Category: Biographies": {
      "precision": 0.8223844282238443,
      "recall": 0.7612612612612613,
      "f1-score": 0.7906432748538011,
      "support": 444.0
    },
    "Category: Children & Young Adult Reading": {
      "precision": 0.7163561076604554,
      "recall": 0.7688888888888888,
      "f1-score": 0.7416934619506966,
      "support": 450.0
    },
    "Category: Essays, Letters & Speeches": {
      "precision": 0.6142433234421365,
      "recall": 0.7900763358778626,
      "f1-score": 0.6911519198664441,
      "support": 262.0
    },
    "Category: Historical Novels": {
      "precision": 0.6579804560260586,
      "recall": 0.6102719033232629,
      "f1-score": 0.6332288401253918,
      "support": 331.0
    },
    "Category: History - American": {
      "precision": 0.7959183673469388,
      "recall": 0.6223404255319149,
      "f1-score": 0.6985074626865672,
      "support": 188.0
    },
    "Category: Humour": {
      "precision": 0.5957446808510638,
      "recall": 0.32558139534883723,
      "f1-score": 0.42105263157894735,
      "support": 172.0
    },
    "Category: Novels": {
      "precision": 0.7082066869300911,
      "recall": 0.7911714770797963,
      "f1-score": 0.7473937449879712,
      "support": 589.0
    },
    "Category: Poetry": {
      "precision": 0.8535714285714285,
      "recall": 0.8917910447761194,
      "f1-score": 0.8722627737226277,
      "support": 268.0
    },
    "Category: Science-Fiction & Fantasy": {
      "precision": 0.8130841121495327,
      "recall": 0.8656716417910447,
      "f1-score": 0.8385542168674699,
      "support": 201.0
    },
    "Category: Short Stories": {
      "precision": 0.6387959866220736,
      "recall": 0.6282894736842105,
      "f1-score": 0.6334991708126037,
      "support": 304.0
    },
    "Category: Travel Writing": {
      "precision": 0.6157205240174672,
      "recall": 0.7747252747252747,
      "f1-score": 0.6861313868613139,
      "support": 182.0
    },
    "accuracy": 0.7091666666666666,
    "macro avg": {
      "precision": 0.6975844328366394,
      "recall": 0.6828087904937364,
      "f1-score": 0.6823670498832958,
      "support": 3600.0
    },
    "weighted avg": {
      "precision": 0.7073753722242999,
      "recall": 0.7091666666666666,
      "f1-score": 0.7027735522176427,
      "support": 3600.0
    }
  },
  "confusion_matrix": [
    [
      76,
      4,
      27,
      2,
      26,
      4,
      3,
      27,
      1,
      4,
      6,
      29
    ],
    [
      4,
      338,
      3,
      47,
      13,
      8,
      3,
      7,
      9,
      0,
      3,
      9
    ],
    [
      15,
      4,
      346,
      0,
      13,
      2,
      1,
      17,
      6,
      1,
      40,
      5
    ],
    [
      0,
      12,
      1,
      207,
      1,
      5,
      10,
      2,
      5,
      0,
      5,
      14
    ],
    [
      15,
      9,
      19,
      0,
      202,
      0,
      2,
      72,
      8,
      0,
      4,
      0
    ],
    [
      1,
      25,
      2,
      21,
      5,
      117,
      3,
      0,
      1,
      0,
      1,
      12
    ],
    [
      5,
      9,
      7,
      21,
      6,
      0,
      56,
      33,
      2,
      1,
      15,
      17
    ],
    [
      7,
      2,
      34,
      9,
      34,
      1,
      0,
      466,
      1,
      7,
      26,
      2
    ],
    [
      0,
      1,
      5,
      10,
      1,
      1,
      5,
      4,
      239,
      0,
      2,
      0
    ],
    [
      5,
      0,
      3,
      3,
      1,
      0,
      1,
      7,
      1,
      174,
      6,
      0
    ],
    [
      8,
      0,
      34,
      3,
      3,
      0,
      8,
      23,
      7,
      27,
      191,
      0
    ],
    [
      5,
      7,
      2,
      14,
      2,
      9,
      2,
      0,
      0,
      0,
      0,
      141
    ]
  ]
}