{
  "accuracy": 0.6944444444444444,
  "precision_macro": 0.6853126844355709,
  "recall_macro": 0.6730714541512314,
  "f1_macro": 0.6692259819548695,
  "classification_report": {
    "Category: Adventure": {
      "precision": 0.49044585987261147,
      "recall": 0.3684210526315789,
      "f1-score": 0.4207650273224044,
      "support": 209.0
    },
    "Category: Biographies": {
      "precision": 0.8265582655826558,
      "recall": 0.6869369369369369,
      "f1-score": 0.7503075030750308,
      "support": 444.0
    },
    "Category: Children & Young Adult Reading": {
      "precision": 0.7290322580645161,
      "recall": 0.7533333333333333,
      "f1-score": 0.740983606557377,
      "support": 450.0
    },
    "Category: Essays, Letters & Speeches": {
      "precision": 0.5699208443271768,
      "recall": 0.8244274809160306,
      "f1-score": 0.6739469578783152,
      "support": 262.0
    },
    "Category: Historical Novels": {
      "precision": 0.7003610108303249,
      "recall": 0.5861027190332326,
      "f1-score": 0.6381578947368421,
      "support": 331.0
    },
    "Category: History - American": {
      "precision": 0.5166051660516605,
      "recall": 0.7446808510638298,
      "f1-score": 0.6100217864923747,
      "support": 188.0
    },
    "Category: Humour": {
      "precision": 0.67,
      "recall": 0.38953488372093026,
      "f1-score": 0.49264705882352944,
      "support": 172.0
    },
    "Category: Novels": {
      "precision": 0.6963746223564955,
      "recall": 0.7826825127334465,
      "f1-score": 0.7370103916866507,
      "support": 589.0
    },
    "Category: Poetry": {
      "precision": 0.8773234200743495,
      "recall": 0.8805970149253731,
      "f1-score": 0.8789571694599627,
      "support": 268.0
    },
    "Category: Science-Fiction & Fantasy": {
      "precision": 0.7627118644067796,
      "recall": 0.8955223880597015,
      "f1-score": 0.8237986270022883,
      "support": 201.0
    },
    "Category: Short Stories": {
      "precision": 0.674074074074074,
      "recall": 0.5986842105263158,
      "f1-score": 0.6341463414634146,
      "support": 304.0
    },
    "Category: Travel Writing": {
      "precision": 0.7103448275862069,
      "recall": 0.5659340659340659,
      "f1-score": 0.6299694189602446,
      "support": 182.0
    },
    "accuracy": 0.6944444444444444,
    "macro avg": {
      "precision": 0.6853126844355709,
      "recall": 0.6730714541512314,
      "f1-score": 0.6692259819548695,
      "support": 3600.0
    },
    "weighted avg": {
      "precision": 0.7010704968917358,
      "recall": 0.6944444444444444,
      "f1-score": 0.6901169137023757,
      "support": 3600.0
    }
  },
  "confusion_matrix": [
    [
      77,
      6,
      35,
      6,
      22,
      5,
      0,
      29,
      0,
      5,
      3,
      21
    ],
    [
      4,
      305,
      0,
      50,
      4,
      64,
      1,
      5,
      4,
      0,
      2,
      5
    ],
    [
      12,
      3,
      339,
      1,
      15,
      1,
      4,
      13,
      9,
      4,
      48,
      1
    ],
    [
      1,
      11,
      1,
      216,
      0,
      17,
      4,
      0,
      2,
      0,
      5,
      5
    ],
    [
      21,
      5,
      16,
      3,
      194,
      4,
      1,
      73,
      7,
      2,
      5,
      0
    ],
    [
      1,
      10,
      1,
      29,
      2,
      140,
      1,
      0,
      0,
      0,
      1,
      3
    ],
    [
      6,
      11,
      4,
      23,
      5,
      2,
      67,
      34,
      1,
      3,
      9,
      7
    ],
    [
      11,
      4,
      46,
      12,
      32,
      0,
      2,
      461,
      0,
      7,
      14,
      0
    ],
    [
      0,
      1,
      3,
      16,
      0,
      3,
      5,
      3,
      236,
      0,
      1,
      0
    ],
    [
      4,
      0,
      2,
      2,
      0,
      0,
      3,
      8,
      2,
      180,
      0,
      0
    ],
    [
      7,
      1,
      18,
      3,
      3,
      0,
      11,
      36,
      8,
      35,
      182,
      0
    ],
    [
      13,
      12,
      0,
      18,
      0,
      35,
      1,
      0,
      0,
      0,
      0,
      103
    ]
  ]
}